Frame,Vehicle_Count,Density_Decision
1,0,Bekleniyor
2,0,Bekleniyor
3,5,Dusuk Yogunluk
4,5,Dusuk Yogunluk
5,5,Dusuk Yogunluk
6,5,Dusuk Yogunluk
7,5,Dusuk Yogunluk
8,5,Dusuk Yogunluk
9,5,Dusuk Yogunluk
10,5,Dusuk Yogunluk
11,5,Dusuk Yogunluk
12,5,Dusuk Yogunluk
13,5,Dusuk Yogunluk
14,5,Dusuk Yogunluk
15,5,Dusuk Yogunluk
16,5,Dusuk Yogunluk
17,5,Dusuk Yogunluk
18,4,Dusuk Yogunluk
19,4,Dusuk Yogunluk
20,4,Dusuk Yogunluk
21,4,Dusuk Yogunluk
22,4,Dusuk Yogunluk
23,4,Dusuk Yogunluk
24,6,Orta Yogunluk
25,6,Orta Yogunluk
26,6,Orta Yogunluk
27,6,Orta Yogunluk
28,6,Orta Yogunluk
29,6,Orta Yogunluk
30,5,Dusuk Yogunluk
31,5,Dusuk Yogunluk
32,5,Dusuk Yogunluk
33,4,Dusuk Yogunluk
34,4,Dusuk Yogunluk
35,4,Dusuk Yogunluk
36,5,Dusuk Yogunluk
37,5,Dusuk Yogunluk
38,5,Dusuk Yogunluk
39,5,Dusuk Yogunluk
40,5,Dusuk Yogunluk
41,5,Dusuk Yogunluk
42,7,Orta Yogunluk
43,7,Orta Yogunluk
44,7,Orta Yogunluk
45,9,Orta Yogunluk
46,9,Orta Yogunluk
47,9,Orta Yogunluk
48,5,Dusuk Yogunluk
49,5,Dusuk Yogunluk
50,5,Dusuk Yogunluk
51,5,Dusuk Yogunluk
52,5,Dusuk Yogunluk
53,5,Dusuk Yogunluk
54,5,Dusuk Yogunluk
55,5,Dusuk Yogunluk
56,5,Dusuk Yogunluk
57,6,Orta Yogunluk
58,6,Orta Yogunluk
59,6,Orta Yogunluk
60,5,Dusuk Yogunluk
61,5,Dusuk Yogunluk
62,5,Dusuk Yogunluk
63,7,Orta Yogunluk
64,7,Orta Yogunluk
65,7,Orta Yogunluk
66,7,Orta Yogunluk
67,7,Orta Yogunluk
68,7,Orta Yogunluk
69,7,Orta Yogunluk
70,7,Orta Yogunluk
71,7,Orta Yogunluk
72,7,Orta Yogunluk
73,7,Orta Yogunluk
74,7,Orta Yogunluk
75,7,Orta Yogunluk
76,7,Orta Yogunluk
77,7,Orta Yogunluk
78,6,Orta Yogunluk
79,6,Orta Yogunluk
80,6,Orta Yogunluk
81,5,Dusuk Yogunluk
82,5,Dusuk Yogunluk
83,5,Dusuk Yogunluk
84,7,Orta Yogunluk
85,7,Orta Yogunluk
86,7,Orta Yogunluk
87,3,Dusuk Yogunluk
88,3,Dusuk Yogunluk
89,3,Dusuk Yogunluk
90,4,Dusuk Yogunluk
91,4,Dusuk Yogunluk
92,4,Dusuk Yogunluk
93,3,Dusuk Yogunluk
94,3,Dusuk Yogunluk
95,3,Dusuk Yogunluk
96,3,Dusuk Yogunluk
97,3,Dusuk Yogunluk
98,3,Dusuk Yogunluk
99,3,Dusuk Yogunluk
100,3,Dusuk Yogunluk
101,3,Dusuk Yogunluk
102,5,Dusuk Yogunluk
103,5,Dusuk Yogunluk
104,5,Dusuk Yogunluk
105,4,Dusuk Yogunluk
106,4,Dusuk Yogunluk
107,4,Dusuk Yogunluk
108,5,Dusuk Yogunluk
109,5,Dusuk Yogunluk
110,5,Dusuk Yogunluk
111,4,Dusuk Yogunluk
112,4,Dusuk Yogunluk
113,4,Dusuk Yogunluk
114,4,Dusuk Yogunluk
115,4,Dusuk Yogunluk
116,4,Dusuk Yogunluk
117,3,Dusuk Yogunluk
118,3,Dusuk Yogunluk
119,3,Dusuk Yogunluk
120,2,Dusuk Yogunluk
121,2,Dusuk Yogunluk
122,2,Dusuk Yogunluk
123,2,Dusuk Yogunluk
124,2,Dusuk Yogunluk
125,2,Dusuk Yogunluk
126,3,Dusuk Yogunluk
127,3,Dusuk Yogunluk
128,3,Dusuk Yogunluk
129,3,Dusuk Yogunluk
130,3,Dusuk Yogunluk
131,3,Dusuk Yogunluk
132,4,Dusuk Yogunluk
133,4,Dusuk Yogunluk
134,4,Dusuk Yogunluk
135,4,Dusuk Yogunluk
136,4,Dusuk Yogunluk
137,4,Dusuk Yogunluk
138,4,Dusuk Yogunluk
139,4,Dusuk Yogunluk
140,4,Dusuk Yogunluk
141,5,Dusuk Yogunluk
142,5,Dusuk Yogunluk
143,5,Dusuk Yogunluk
144,6,Orta Yogunluk
145,6,Orta Yogunluk
146,6,Orta Yogunluk
147,4,Dusuk Yogunluk
148,4,Dusuk Yogunluk
149,4,Dusuk Yogunluk
150,6,Orta Yogunluk
151,6,Orta Yogunluk
152,6,Orta Yogunluk
153,6,Orta Yogunluk
154,6,Orta Yogunluk
155,6,Orta Yogunluk
156,6,Orta Yogunluk
157,6,Orta Yogunluk
158,6,Orta Yogunluk
159,6,Orta Yogunluk
160,6,Orta Yogunluk
161,6,Orta Yogunluk
162,6,Orta Yogunluk
163,6,Orta Yogunluk
164,6,Orta Yogunluk
165,5,Dusuk Yogunluk
166,5,Dusuk Yogunluk
167,5,Dusuk Yogunluk
168,5,Dusuk Yogunluk
169,5,Dusuk Yogunluk
170,5,Dusuk Yogunluk
171,5,Dusuk Yogunluk
172,5,Dusuk Yogunluk
173,5,Dusuk Yogunluk
174,6,Orta Yogunluk
175,6,Orta Yogunluk
176,6,Orta Yogunluk
177,7,Orta Yogunluk
178,7,Orta Yogunluk
179,7,Orta Yogunluk
180,7,Orta Yogunluk
181,7,Orta Yogunluk
182,7,Orta Yogunluk
183,8,Orta Yogunluk
184,8,Orta Yogunluk
185,8,Orta Yogunluk
186,8,Orta Yogunluk
187,8,Orta Yogunluk
188,8,Orta Yogunluk
189,8,Orta Yogunluk
190,8,Orta Yogunluk
191,8,Orta Yogunluk
192,8,Orta Yogunluk
193,8,Orta Yogunluk
194,8,Orta Yogunluk
195,8,Orta Yogunluk
196,8,Orta Yogunluk
197,8,Orta Yogunluk
198,7,Orta Yogunluk
199,7,Orta Yogunluk
200,7,Orta Yogunluk
201,8,Orta Yogunluk
202,8,Orta Yogunluk
203,8,Orta Yogunluk
204,8,Orta Yogunluk
205,8,Orta Yogunluk
206,8,Orta Yogunluk
207,10,Orta Yogunluk
208,10,Orta Yogunluk
209,10,Orta Yogunluk
210,10,Orta Yogunluk
211,10,Orta Yogunluk
212,10,Orta Yogunluk
213,7,Orta Yogunluk
214,7,Orta Yogunluk
215,7,Orta Yogunluk
216,8,Orta Yogunluk
217,8,Orta Yogunluk
218,8,Orta Yogunluk
219,8,Orta Yogunluk
220,8,Orta Yogunluk
221,8,Orta Yogunluk
222,7,Orta Yogunluk
223,7,Orta Yogunluk
224,7,Orta Yogunluk
225,8,Orta Yogunluk
226,8,Orta Yogunluk
227,8,Orta Yogunluk
228,8,Orta Yogunluk
229,8,Orta Yogunluk
230,8,Orta Yogunluk
231,6,Orta Yogunluk
232,6,Orta Yogunluk
233,6,Orta Yogunluk
234,8,Orta Yogunluk
235,8,Orta Yogunluk
236,8,Orta Yogunluk
237,6,Orta Yogunluk
238,6,Orta Yogunluk
239,6,Orta Yogunluk
240,7,Orta Yogunluk
241,7,Orta Yogunluk
242,7,Orta Yogunluk
243,7,Orta Yogunluk
244,7,Orta Yogunluk
245,7,Orta Yogunluk
246,9,Orta Yogunluk
247,9,Orta Yogunluk
248,9,Orta Yogunluk
249,7,Orta Yogunluk
250,7,Orta Yogunluk
251,7,Orta Yogunluk
252,5,Dusuk Yogunluk
253,5,Dusuk Yogunluk
254,5,Dusuk Yogunluk
255,9,Orta Yogunluk
256,9,Orta Yogunluk
257,9,Orta Yogunluk
258,6,Orta Yogunluk
259,6,Orta Yogunluk
260,6,Orta Yogunluk
261,8,Orta Yogunluk
262,8,Orta Yogunluk
263,8,Orta Yogunluk
264,9,Orta Yogunluk
265,9,Orta Yogunluk
266,9,Orta Yogunluk
267,8,Orta Yogunluk
268,8,Orta Yogunluk
269,8,Orta Yogunluk
270,6,Orta Yogunluk
271,6,Orta Yogunluk
272,6,Orta Yogunluk
273,9,Orta Yogunluk
274,9,Orta Yogunluk
275,9,Orta Yogunluk
276,11,Orta Yogunluk
277,11,Orta Yogunluk
278,11,Orta Yogunluk
279,10,Orta Yogunluk
280,10,Orta Yogunluk
281,10,Orta Yogunluk
282,12,Orta Yogunluk
283,12,Orta Yogunluk
284,12,Orta Yogunluk
285,11,Orta Yogunluk
286,11,Orta Yogunluk
287,11,Orta Yogunluk
288,11,Orta Yogunluk
289,11,Orta Yogunluk
290,11,Orta Yogunluk
291,11,Orta Yogunluk
292,11,Orta Yogunluk
293,11,Orta Yogunluk
294,12,Orta Yogunluk
295,12,Orta Yogunluk
296,12,Orta Yogunluk
297,11,Orta Yogunluk
298,11,Orta Yogunluk
299,11,Orta Yogunluk
300,12,Orta Yogunluk
301,12,Orta Yogunluk
302,12,Orta Yogunluk
303,10,Orta Yogunluk
304,10,Orta Yogunluk
305,10,Orta Yogunluk
306,8,Orta Yogunluk
307,8,Orta Yogunluk
308,8,Orta Yogunluk
309,9,Orta Yogunluk
310,9,Orta Yogunluk
311,9,Orta Yogunluk
312,7,Orta Yogunluk
313,7,Orta Yogunluk
314,7,Orta Yogunluk
315,7,Orta Yogunluk
316,7,Orta Yogunluk
317,7,Orta Yogunluk
318,8,Orta Yogunluk
319,8,Orta Yogunluk
320,8,Orta Yogunluk
321,7,Orta Yogunluk
322,7,Orta Yogunluk
323,7,Orta Yogunluk
324,9,Orta Yogunluk
325,9,Orta Yogunluk
326,9,Orta Yogunluk
327,8,Orta Yogunluk
328,8,Orta Yogunluk
329,8,Orta Yogunluk
330,9,Orta Yogunluk
331,9,Orta Yogunluk
332,9,Orta Yogunluk
333,8,Orta Yogunluk
334,8,Orta Yogunluk
335,8,Orta Yogunluk
336,8,Orta Yogunluk
337,8,Orta Yogunluk
338,8,Orta Yogunluk
339,11,Orta Yogunluk
340,11,Orta Yogunluk
341,11,Orta Yogunluk
342,9,Orta Yogunluk
343,9,Orta Yogunluk
344,9,Orta Yogunluk
345,10,Orta Yogunluk
346,10,Orta Yogunluk
347,10,Orta Yogunluk
348,9,Orta Yogunluk
349,9,Orta Yogunluk
350,9,Orta Yogunluk
351,9,Orta Yogunluk
352,9,Orta Yogunluk
353,9,Orta Yogunluk
354,9,Orta Yogunluk
355,9,Orta Yogunluk
356,9,Orta Yogunluk
357,9,Orta Yogunluk
358,9,Orta Yogunluk
359,9,Orta Yogunluk
360,9,Orta Yogunluk
361,9,Orta Yogunluk
362,9,Orta Yogunluk
363,8,Orta Yogunluk
364,8,Orta Yogunluk
365,8,Orta Yogunluk
366,7,Orta Yogunluk
367,7,Orta Yogunluk
368,7,Orta Yogunluk
369,6,Orta Yogunluk
370,6,Orta Yogunluk
371,6,Orta Yogunluk
372,6,Orta Yogunluk
373,6,Orta Yogunluk
374,6,Orta Yogunluk
375,6,Orta Yogunluk
376,6,Orta Yogunluk
377,6,Orta Yogunluk
378,5,Dusuk Yogunluk
379,5,Dusuk Yogunluk
380,5,Dusuk Yogunluk
381,6,Orta Yogunluk
382,6,Orta Yogunluk
383,6,Orta Yogunluk
384,6,Orta Yogunluk
385,6,Orta Yogunluk
386,6,Orta Yogunluk
387,5,Dusuk Yogunluk
388,5,Dusuk Yogunluk
389,5,Dusuk Yogunluk
390,5,Dusuk Yogunluk
391,5,Dusuk Yogunluk
392,5,Dusuk Yogunluk
393,6,Orta Yogunluk
394,6,Orta Yogunluk
395,6,Orta Yogunluk
396,6,Orta Yogunluk
397,6,Orta Yogunluk
398,6,Orta Yogunluk
399,5,Dusuk Yogunluk
400,5,Dusuk Yogunluk
401,5,Dusuk Yogunluk
402,5,Dusuk Yogunluk
403,5,Dusuk Yogunluk
404,5,Dusuk Yogunluk
405,5,Dusuk Yogunluk
406,5,Dusuk Yogunluk
407,5,Dusuk Yogunluk
408,5,Dusuk Yogunluk
409,5,Dusuk Yogunluk
410,5,Dusuk Yogunluk
411,4,Dusuk Yogunluk
412,4,Dusuk Yogunluk
413,4,Dusuk Yogunluk
414,4,Dusuk Yogunluk
415,4,Dusuk Yogunluk
416,4,Dusuk Yogunluk
417,5,Dusuk Yogunluk
418,5,Dusuk Yogunluk
419,5,Dusuk Yogunluk
420,3,Dusuk Yogunluk
421,3,Dusuk Yogunluk
422,3,Dusuk Yogunluk
423,3,Dusuk Yogunluk
424,3,Dusuk Yogunluk
425,3,Dusuk Yogunluk
426,4,Dusuk Yogunluk
427,4,Dusuk Yogunluk
428,4,Dusuk Yogunluk
429,3,Dusuk Yogunluk
430,3,Dusuk Yogunluk
431,3,Dusuk Yogunluk
432,3,Dusuk Yogunluk
433,3,Dusuk Yogunluk
434,3,Dusuk Yogunluk
435,4,Dusuk Yogunluk
436,4,Dusuk Yogunluk
437,4,Dusuk Yogunluk
438,3,Dusuk Yogunluk
439,3,Dusuk Yogunluk
440,3,Dusuk Yogunluk
441,2,Dusuk Yogunluk
442,2,Dusuk Yogunluk
443,2,Dusuk Yogunluk
444,3,Dusuk Yogunluk
445,3,Dusuk Yogunluk
446,3,Dusuk Yogunluk
447,3,Dusuk Yogunluk
448,3,Dusuk Yogunluk
449,3,Dusuk Yogunluk
450,2,Dusuk Yogunluk
451,2,Dusuk Yogunluk
452,2,Dusuk Yogunluk
453,4,Dusuk Yogunluk
454,4,Dusuk Yogunluk
455,4,Dusuk Yogunluk
456,5,Dusuk Yogunluk
457,5,Dusuk Yogunluk
458,5,Dusuk Yogunluk
459,5,Dusuk Yogunluk
460,5,Dusuk Yogunluk
461,5,Dusuk Yogunluk
462,4,Dusuk Yogunluk
463,4,Dusuk Yogunluk
464,4,Dusuk Yogunluk
465,4,Dusuk Yogunluk
466,4,Dusuk Yogunluk
467,4,Dusuk Yogunluk
468,4,Dusuk Yogunluk
469,4,Dusuk Yogunluk
470,4,Dusuk Yogunluk
471,3,Dusuk Yogunluk
472,3,Dusuk Yogunluk
473,3,Dusuk Yogunluk
474,4,Dusuk Yogunluk
475,4,Dusuk Yogunluk
476,4,Dusuk Yogunluk
477,4,Dusuk Yogunluk
478,4,Dusuk Yogunluk
479,4,Dusuk Yogunluk
480,4,Dusuk Yogunluk
481,4,Dusuk Yogunluk
482,4,Dusuk Yogunluk
483,4,Dusuk Yogunluk
484,4,Dusuk Yogunluk
485,4,Dusuk Yogunluk
486,5,Dusuk Yogunluk
487,5,Dusuk Yogunluk
488,5,Dusuk Yogunluk
489,6,Orta Yogunluk
490,6,Orta Yogunluk
491,6,Orta Yogunluk
492,2,Dusuk Yogunluk
493,2,Dusuk Yogunluk
494,2,Dusuk Yogunluk
495,5,Dusuk Yogunluk
496,5,Dusuk Yogunluk
497,5,Dusuk Yogunluk
498,5,Dusuk Yogunluk
499,5,Dusuk Yogunluk
500,5,Dusuk Yogunluk
501,5,Dusuk Yogunluk
502,5,Dusuk Yogunluk
503,5,Dusuk Yogunluk
504,5,Dusuk Yogunluk
505,5,Dusuk Yogunluk
506,5,Dusuk Yogunluk
507,4,Dusuk Yogunluk
508,4,Dusuk Yogunluk
509,4,Dusuk Yogunluk
510,5,Dusuk Yogunluk
511,5,Dusuk Yogunluk
512,5,Dusuk Yogunluk
513,4,Dusuk Yogunluk
514,4,Dusuk Yogunluk
515,4,Dusuk Yogunluk
516,7,Orta Yogunluk
517,7,Orta Yogunluk
518,7,Orta Yogunluk
519,5,Dusuk Yogunluk
520,5,Dusuk Yogunluk
521,5,Dusuk Yogunluk
522,5,Dusuk Yogunluk
523,5,Dusuk Yogunluk
524,5,Dusuk Yogunluk
525,5,Dusuk Yogunluk
526,5,Dusuk Yogunluk
527,5,Dusuk Yogunluk
528,4,Dusuk Yogunluk
529,4,Dusuk Yogunluk
530,4,Dusuk Yogunluk
531,4,Dusuk Yogunluk
532,4,Dusuk Yogunluk
533,4,Dusuk Yogunluk
534,5,Dusuk Yogunluk
535,5,Dusuk Yogunluk
536,5,Dusuk Yogunluk
537,4,Dusuk Yogunluk
538,4,Dusuk Yogunluk
539,4,Dusuk Yogunluk
540,5,Dusuk Yogunluk
541,5,Dusuk Yogunluk
542,5,Dusuk Yogunluk
543,7,Orta Yogunluk
544,7,Orta Yogunluk
545,7,Orta Yogunluk
546,6,Orta Yogunluk
547,6,Orta Yogunluk
548,6,Orta Yogunluk
549,6,Orta Yogunluk
550,6,Orta Yogunluk
551,6,Orta Yogunluk
552,8,Orta Yogunluk
553,8,Orta Yogunluk
554,8,Orta Yogunluk
555,6,Orta Yogunluk
556,6,Orta Yogunluk
557,6,Orta Yogunluk
558,6,Orta Yogunluk
559,6,Orta Yogunluk
560,6,Orta Yogunluk
561,6,Orta Yogunluk
562,6,Orta Yogunluk
563,6,Orta Yogunluk
564,6,Orta Yogunluk
565,6,Orta Yogunluk
566,6,Orta Yogunluk
567,6,Orta Yogunluk
568,6,Orta Yogunluk
569,6,Orta Yogunluk
570,6,Orta Yogunluk
571,6,Orta Yogunluk
572,6,Orta Yogunluk
573,7,Orta Yogunluk
574,7,Orta Yogunluk
575,7,Orta Yogunluk
576,7,Orta Yogunluk
577,7,Orta Yogunluk
578,7,Orta Yogunluk
579,7,Orta Yogunluk
580,7,Orta Yogunluk
581,7,Orta Yogunluk
582,8,Orta Yogunluk
583,8,Orta Yogunluk
584,8,Orta Yogunluk
585,7,Orta Yogunluk
586,7,Orta Yogunluk
587,7,Orta Yogunluk
588,6,Orta Yogunluk
589,6,Orta Yogunluk
590,6,Orta Yogunluk
591,7,Orta Yogunluk
592,7,Orta Yogunluk
593,7,Orta Yogunluk
594,7,Orta Yogunluk
595,7,Orta Yogunluk
596,7,Orta Yogunluk
597,7,Orta Yogunluk
598,7,Orta Yogunluk
599,7,Orta Yogunluk
600,7,Orta Yogunluk
601,7,Orta Yogunluk
602,7,Orta Yogunluk
603,8,Orta Yogunluk
604,8,Orta Yogunluk
605,8,Orta Yogunluk
606,8,Orta Yogunluk
607,8,Orta Yogunluk
608,8,Orta Yogunluk
609,6,Orta Yogunluk
610,6,Orta Yogunluk
611,6,Orta Yogunluk
612,5,Dusuk Yogunluk
613,5,Dusuk Yogunluk
614,5,Dusuk Yogunluk
615,5,Dusuk Yogunluk
616,5,Dusuk Yogunluk
617,5,Dusuk Yogunluk
618,6,Orta Yogunluk
619,6,Orta Yogunluk
620,6,Orta Yogunluk
621,4,Dusuk Yogunluk
622,4,Dusuk Yogunluk
623,4,Dusuk Yogunluk
624,4,Dusuk Yogunluk
625,4,Dusuk Yogunluk
626,4,Dusuk Yogunluk
627,6,Orta Yogunluk
628,6,Orta Yogunluk
629,6,Orta Yogunluk
630,5,Dusuk Yogunluk
631,5,Dusuk Yogunluk
632,5,Dusuk Yogunluk
633,5,Dusuk Yogunluk
634,5,Dusuk Yogunluk
635,5,Dusuk Yogunluk
636,6,Orta Yogunluk
637,6,Orta Yogunluk
638,6,Orta Yogunluk
639,5,Dusuk Yogunluk
640,5,Dusuk Yogunluk
641,5,Dusuk Yogunluk
642,6,Orta Yogunluk
643,6,Orta Yogunluk
644,6,Orta Yogunluk
645,6,Orta Yogunluk
646,6,Orta Yogunluk
647,6,Orta Yogunluk
648,7,Orta Yogunluk
649,7,Orta Yogunluk
650,7,Orta Yogunluk
651,8,Orta Yogunluk
652,8,Orta Yogunluk
653,8,Orta Yogunluk
654,4,Dusuk Yogunluk
655,4,Dusuk Yogunluk
656,4,Dusuk Yogunluk
657,4,Dusuk Yogunluk
658,4,Dusuk Yogunluk
659,4,Dusuk Yogunluk
660,8,Orta Yogunluk
661,8,Orta Yogunluk
662,8,Orta Yogunluk
663,4,Dusuk Yogunluk
664,4,Dusuk Yogunluk
665,4,Dusuk Yogunluk
666,6,Orta Yogunluk
667,6,Orta Yogunluk
668,6,Orta Yogunluk
669,7,Orta Yogunluk
670,7,Orta Yogunluk
671,7,Orta Yogunluk
672,4,Dusuk Yogunluk
673,4,Dusuk Yogunluk
674,4,Dusuk Yogunluk
675,8,Orta Yogunluk
676,8,Orta Yogunluk
677,8,Orta Yogunluk
678,7,Orta Yogunluk
679,7,Orta Yogunluk
680,7,Orta Yogunluk
681,4,Dusuk Yogunluk
682,4,Dusuk Yogunluk
683,4,Dusuk Yogunluk
684,5,Dusuk Yogunluk
685,5,Dusuk Yogunluk
686,5,Dusuk Yogunluk
687,4,Dusuk Yogunluk
688,4,Dusuk Yogunluk
689,4,Dusuk Yogunluk
690,4,Dusuk Yogunluk
691,4,Dusuk Yogunluk
692,4,Dusuk Yogunluk
693,5,Dusuk Yogunluk
694,5,Dusuk Yogunluk
695,5,Dusuk Yogunluk
696,6,Orta Yogunluk
697,6,Orta Yogunluk
698,6,Orta Yogunluk
699,6,Orta Yogunluk
700,6,Orta Yogunluk
701,6,Orta Yogunluk
702,5,Dusuk Yogunluk
703,5,Dusuk Yogunluk
704,5,Dusuk Yogunluk
705,6,Orta Yogunluk
706,6,Orta Yogunluk
707,6,Orta Yogunluk
708,6,Orta Yogunluk
709,6,Orta Yogunluk
710,6,Orta Yogunluk
711,6,Orta Yogunluk
712,6,Orta Yogunluk
713,6,Orta Yogunluk
714,7,Orta Yogunluk
715,7,Orta Yogunluk
716,7,Orta Yogunluk
717,6,Orta Yogunluk
718,6,Orta Yogunluk
719,6,Orta Yogunluk
720,5,Dusuk Yogunluk
721,5,Dusuk Yogunluk
722,5,Dusuk Yogunluk
723,7,Orta Yogunluk
724,7,Orta Yogunluk
725,7,Orta Yogunluk
726,5,Dusuk Yogunluk
727,5,Dusuk Yogunluk
728,5,Dusuk Yogunluk
729,6,Orta Yogunluk
730,6,Orta Yogunluk
731,6,Orta Yogunluk
732,8,Orta Yogunluk
733,8,Orta Yogunluk
734,8,Orta Yogunluk
735,8,Orta Yogunluk
736,8,Orta Yogunluk
737,8,Orta Yogunluk
738,9,Orta Yogunluk
739,9,Orta Yogunluk
740,9,Orta Yogunluk
741,8,Orta Yogunluk
742,8,Orta Yogunluk
743,8,Orta Yogunluk
744,6,Orta Yogunluk
745,6,Orta Yogunluk
746,6,Orta Yogunluk
747,8,Orta Yogunluk
748,8,Orta Yogunluk
749,8,Orta Yogunluk
750,6,Orta Yogunluk
751,6,Orta Yogunluk
752,6,Orta Yogunluk
753,6,Orta Yogunluk
754,6,Orta Yogunluk
755,6,Orta Yogunluk
756,6,Orta Yogunluk
757,6,Orta Yogunluk
758,6,Orta Yogunluk
759,7,Orta Yogunluk
760,7,Orta Yogunluk
761,7,Orta Yogunluk
762,8,Orta Yogunluk
763,8,Orta Yogunluk
764,8,Orta Yogunluk
765,8,Orta Yogunluk
766,8,Orta Yogunluk
767,8,Orta Yogunluk
768,9,Orta Yogunluk
769,9,Orta Yogunluk
770,9,Orta Yogunluk
771,9,Orta Yogunluk
772,9,Orta Yogunluk
773,9,Orta Yogunluk
774,7,Orta Yogunluk
775,7,Orta Yogunluk
776,7,Orta Yogunluk
777,7,Orta Yogunluk
778,7,Orta Yogunluk
779,7,Orta Yogunluk
780,7,Orta Yogunluk
781,7,Orta Yogunluk
782,7,Orta Yogunluk
783,8,Orta Yogunluk
784,8,Orta Yogunluk
785,8,Orta Yogunluk
786,8,Orta Yogunluk
787,8,Orta Yogunluk
788,8,Orta Yogunluk
789,9,Orta Yogunluk
790,9,Orta Yogunluk
791,9,Orta Yogunluk
792,8,Orta Yogunluk
793,8,Orta Yogunluk
794,8,Orta Yogunluk
795,8,Orta Yogunluk
796,8,Orta Yogunluk
797,8,Orta Yogunluk
798,9,Orta Yogunluk
799,9,Orta Yogunluk
800,9,Orta Yogunluk
801,8,Orta Yogunluk
802,8,Orta Yogunluk
803,8,Orta Yogunluk
804,8,Orta Yogunluk
805,8,Orta Yogunluk
806,8,Orta Yogunluk
807,10,Orta Yogunluk
808,10,Orta Yogunluk
809,10,Orta Yogunluk
810,8,Orta Yogunluk
811,8,Orta Yogunluk
812,8,Orta Yogunluk
813,7,Orta Yogunluk
814,7,Orta Yogunluk
815,7,Orta Yogunluk
816,8,Orta Yogunluk
817,8,Orta Yogunluk
818,8,Orta Yogunluk
819,8,Orta Yogunluk
820,8,Orta Yogunluk
821,8,Orta Yogunluk
822,9,Orta Yogunluk
823,9,Orta Yogunluk
824,9,Orta Yogunluk
825,10,Orta Yogunluk
826,10,Orta Yogunluk
827,10,Orta Yogunluk
828,9,Orta Yogunluk
829,9,Orta Yogunluk
830,9,Orta Yogunluk
831,8,Orta Yogunluk
832,8,Orta Yogunluk
833,8,Orta Yogunluk
834,12,Orta Yogunluk
835,12,Orta Yogunluk
836,12,Orta Yogunluk
837,12,Orta Yogunluk
838,12,Orta Yogunluk
839,12,Orta Yogunluk
840,11,Orta Yogunluk
841,11,Orta Yogunluk
842,11,Orta Yogunluk
843,13,Yuksek Yogunluk
844,13,Yuksek Yogunluk
845,13,Yuksek Yogunluk
846,12,Orta Yogunluk
847,12,Orta Yogunluk
848,12,Orta Yogunluk
849,11,Orta Yogunluk
850,11,Orta Yogunluk
851,11,Orta Yogunluk
852,12,Orta Yogunluk
853,12,Orta Yogunluk
854,12,Orta Yogunluk
855,10,Orta Yogunluk
856,10,Orta Yogunluk
857,10,Orta Yogunluk
858,10,Orta Yogunluk
859,10,Orta Yogunluk
860,10,Orta Yogunluk
861,10,Orta Yogunluk
862,10,Orta Yogunluk
863,10,Orta Yogunluk
864,10,Orta Yogunluk
865,10,Orta Yogunluk
866,10,Orta Yogunluk
867,9,Orta Yogunluk
868,9,Orta Yogunluk
869,9,Orta Yogunluk
870,10,Orta Yogunluk
871,10,Orta Yogunluk
872,10,Orta Yogunluk
873,10,Orta Yogunluk
874,10,Orta Yogunluk
875,10,Orta Yogunluk
876,11,Orta Yogunluk
877,11,Orta Yogunluk
878,11,Orta Yogunluk
879,8,Orta Yogunluk
880,8,Orta Yogunluk
881,8,Orta Yogunluk
882,8,Orta Yogunluk
883,8,Orta Yogunluk
884,8,Orta Yogunluk
885,7,Orta Yogunluk
886,7,Orta Yogunluk
887,7,Orta Yogunluk
888,9,Orta Yogunluk
889,9,Orta Yogunluk
890,9,Orta Yogunluk
891,12,Orta Yogunluk
892,12,Orta Yogunluk
893,12,Orta Yogunluk
894,9,Orta Yogunluk
895,9,Orta Yogunluk
896,9,Orta Yogunluk
897,8,Orta Yogunluk
898,8,Orta Yogunluk
899,8,Orta Yogunluk
900,8,Orta Yogunluk
901,8,Orta Yogunluk
902,8,Orta Yogunluk
903,11,Orta Yogunluk
904,11,Orta Yogunluk
905,11,Orta Yogunluk
906,9,Orta Yogunluk
907,9,Orta Yogunluk
908,9,Orta Yogunluk
909,12,Orta Yogunluk
910,12,Orta Yogunluk
911,12,Orta Yogunluk
912,12,Orta Yogunluk
913,12,Orta Yogunluk
914,12,Orta Yogunluk
915,13,Yuksek Yogunluk
916,13,Yuksek Yogunluk
917,13,Yuksek Yogunluk
918,12,Orta Yogunluk
919,12,Orta Yogunluk
920,12,Orta Yogunluk
921,11,Orta Yogunluk
922,11,Orta Yogunluk
923,11,Orta Yogunluk
924,11,Orta Yogunluk
925,11,Orta Yogunluk
926,11,Orta Yogunluk
927,11,Orta Yogunluk
928,11,Orta Yogunluk
929,11,Orta Yogunluk
930,10,Orta Yogunluk
931,10,Orta Yogunluk
932,10,Orta Yogunluk
933,8,Orta Yogunluk
934,8,Orta Yogunluk
935,8,Orta Yogunluk
936,9,Orta Yogunluk
937,9,Orta Yogunluk
938,9,Orta Yogunluk
939,10,Orta Yogunluk
940,10,Orta Yogunluk
941,10,Orta Yogunluk
942,10,Orta Yogunluk
943,10,Orta Yogunluk
944,10,Orta Yogunluk
945,10,Orta Yogunluk
946,10,Orta Yogunluk
947,10,Orta Yogunluk
948,11,Orta Yogunluk
949,11,Orta Yogunluk
950,11,Orta Yogunluk
951,12,Orta Yogunluk
952,12,Orta Yogunluk
953,12,Orta Yogunluk
954,8,Orta Yogunluk
955,8,Orta Yogunluk
956,8,Orta Yogunluk
957,9,Orta Yogunluk
958,9,Orta Yogunluk
959,9,Orta Yogunluk
960,10,Orta Yogunluk
961,10,Orta Yogunluk
962,10,Orta Yogunluk
963,11,Orta Yogunluk
964,11,Orta Yogunluk
965,11,Orta Yogunluk
966,10,Orta Yogunluk
967,10,Orta Yogunluk
968,10,Orta Yogunluk
969,11,Orta Yogunluk
970,11,Orta Yogunluk
971,11,Orta Yogunluk
972,12,Orta Yogunluk
973,12,Orta Yogunluk
974,12,Orta Yogunluk
975,11,Orta Yogunluk
976,11,Orta Yogunluk
977,11,Orta Yogunluk
978,14,Yuksek Yogunluk
979,14,Yuksek Yogunluk
980,14,Yuksek Yogunluk
981,13,Yuksek Yogunluk
982,13,Yuksek Yogunluk
983,13,Yuksek Yogunluk
984,12,Orta Yogunluk
985,12,Orta Yogunluk
986,12,Orta Yogunluk
987,13,Yuksek Yogunluk
988,13,Yuksek Yogunluk
989,13,Yuksek Yogunluk
990,13,Yuksek Yogunluk
991,13,Yuksek Yogunluk
992,13,Yuksek Yogunluk
993,12,Orta Yogunluk
994,12,Orta Yogunluk
995,12,Orta Yogunluk
996,14,Yuksek Yogunluk
997,14,Yuksek Yogunluk
998,14,Yuksek Yogunluk
999,14,Yuksek Yogunluk
1000,14,Yuksek Yogunluk
1001,14,Yuksek Yogunluk
1002,15,Yuksek Yogunluk
1003,15,Yuksek Yogunluk
1004,15,Yuksek Yogunluk
1005,14,Yuksek Yogunluk
1006,14,Yuksek Yogunluk
1007,14,Yuksek Yogunluk
1008,15,Yuksek Yogunluk
1009,15,Yuksek Yogunluk
1010,15,Yuksek Yogunluk
1011,13,Yuksek Yogunluk
1012,13,Yuksek Yogunluk
1013,13,Yuksek Yogunluk
1014,14,Yuksek Yogunluk
1015,14,Yuksek Yogunluk
1016,14,Yuksek Yogunluk
1017,14,Yuksek Yogunluk
1018,14,Yuksek Yogunluk
1019,14,Yuksek Yogunluk
1020,13,Yuksek Yogunluk
1021,13,Yuksek Yogunluk
1022,13,Yuksek Yogunluk
1023,12,Orta Yogunluk
1024,12,Orta Yogunluk
1025,12,Orta Yogunluk
1026,12,Orta Yogunluk
1027,12,Orta Yogunluk
1028,12,Orta Yogunluk
1029,12,Orta Yogunluk
1030,12,Orta Yogunluk
1031,12,Orta Yogunluk
1032,12,Orta Yogunluk
1033,12,Orta Yogunluk
1034,12,Orta Yogunluk
1035,11,Orta Yogunluk
1036,11,Orta Yogunluk
1037,11,Orta Yogunluk
1038,10,Orta Yogunluk
1039,10,Orta Yogunluk
1040,10,Orta Yogunluk
1041,12,Orta Yogunluk
1042,12,Orta Yogunluk
1043,12,Orta Yogunluk
1044,11,Orta Yogunluk
1045,11,Orta Yogunluk
1046,11,Orta Yogunluk
1047,8,Orta Yogunluk
1048,8,Orta Yogunluk
1049,8,Orta Yogunluk
1050,10,Orta Yogunluk
1051,10,Orta Yogunluk
1052,10,Orta Yogunluk
1053,8,Orta Yogunluk
1054,8,Orta Yogunluk
1055,8,Orta Yogunluk
1056,13,Yuksek Yogunluk
1057,13,Yuksek Yogunluk
1058,13,Yuksek Yogunluk
1059,12,Orta Yogunluk
1060,12,Orta Yogunluk
1061,12,Orta Yogunluk
1062,11,Orta Yogunluk
1063,11,Orta Yogunluk
1064,11,Orta Yogunluk
1065,11,Orta Yogunluk
1066,11,Orta Yogunluk
1067,11,Orta Yogunluk
1068,13,Yuksek Yogunluk
1069,13,Yuksek Yogunluk
1070,13,Yuksek Yogunluk
1071,12,Orta Yogunluk
1072,12,Orta Yogunluk
1073,12,Orta Yogunluk
1074,14,Yuksek Yogunluk
1075,14,Yuksek Yogunluk
1076,14,Yuksek Yogunluk
1077,13,Yuksek Yogunluk
1078,13,Yuksek Yogunluk
1079,13,Yuksek Yogunluk
1080,12,Orta Yogunluk
1081,12,Orta Yogunluk
1082,12,Orta Yogunluk
1083,11,Orta Yogunluk
1084,11,Orta Yogunluk
1085,11,Orta Yogunluk
1086,10,Orta Yogunluk
1087,10,Orta Yogunluk
1088,10,Orta Yogunluk
1089,11,Orta Yogunluk
1090,11,Orta Yogunluk
1091,11,Orta Yogunluk
1092,11,Orta Yogunluk
1093,11,Orta Yogunluk
1094,11,Orta Yogunluk
1095,10,Orta Yogunluk
1096,10,Orta Yogunluk
1097,10,Orta Yogunluk
1098,10,Orta Yogunluk
1099,10,Orta Yogunluk
1100,10,Orta Yogunluk
1101,11,Orta Yogunluk
1102,11,Orta Yogunluk
1103,11,Orta Yogunluk
1104,12,Orta Yogunluk
1105,12,Orta Yogunluk
1106,12,Orta Yogunluk
1107,11,Orta Yogunluk
1108,11,Orta Yogunluk
1109,11,Orta Yogunluk
1110,12,Orta Yogunluk
1111,12,Orta Yogunluk
1112,12,Orta Yogunluk
1113,13,Yuksek Yogunluk
1114,13,Yuksek Yogunluk
1115,13,Yuksek Yogunluk
1116,12,Orta Yogunluk
1117,12,Orta Yogunluk
1118,12,Orta Yogunluk
1119,10,Orta Yogunluk
1120,10,Orta Yogunluk
1121,10,Orta Yogunluk
1122,11,Orta Yogunluk
1123,11,Orta Yogunluk
1124,11,Orta Yogunluk
1125,10,Orta Yogunluk
1126,10,Orta Yogunluk
1127,10,Orta Yogunluk
1128,11,Orta Yogunluk
1129,11,Orta Yogunluk
1130,11,Orta Yogunluk
1131,11,Orta Yogunluk
1132,11,Orta Yogunluk
1133,11,Orta Yogunluk
1134,10,Orta Yogunluk
1135,10,Orta Yogunluk
1136,10,Orta Yogunluk
1137,12,Orta Yogunluk
1138,12,Orta Yogunluk
1139,12,Orta Yogunluk
1140,12,Orta Yogunluk
1141,12,Orta Yogunluk
1142,12,Orta Yogunluk
1143,11,Orta Yogunluk
1144,11,Orta Yogunluk
1145,11,Orta Yogunluk
1146,11,Orta Yogunluk
1147,11,Orta Yogunluk
1148,11,Orta Yogunluk
1149,9,Orta Yogunluk
1150,9,Orta Yogunluk
1151,9,Orta Yogunluk
1152,10,Orta Yogunluk
1153,10,Orta Yogunluk
1154,10,Orta Yogunluk
1155,10,Orta Yogunluk
1156,10,Orta Yogunluk
1157,10,Orta Yogunluk
1158,9,Orta Yogunluk
1159,9,Orta Yogunluk
1160,9,Orta Yogunluk
1161,9,Orta Yogunluk
1162,9,Orta Yogunluk
1163,9,Orta Yogunluk
1164,11,Orta Yogunluk
1165,11,Orta Yogunluk
1166,11,Orta Yogunluk
1167,10,Orta Yogunluk
1168,10,Orta Yogunluk
1169,10,Orta Yogunluk
1170,12,Orta Yogunluk
1171,12,Orta Yogunluk
1172,12,Orta Yogunluk
1173,11,Orta Yogunluk
1174,11,Orta Yogunluk
1175,11,Orta Yogunluk
1176,11,Orta Yogunluk
1177,11,Orta Yogunluk
1178,11,Orta Yogunluk
1179,11,Orta Yogunluk
1180,11,Orta Yogunluk
1181,11,Orta Yogunluk
1182,11,Orta Yogunluk
1183,11,Orta Yogunluk
1184,11,Orta Yogunluk
1185,10,Orta Yogunluk
1186,10,Orta Yogunluk
1187,10,Orta Yogunluk
1188,11,Orta Yogunluk
1189,11,Orta Yogunluk
1190,11,Orta Yogunluk
1191,11,Orta Yogunluk
1192,11,Orta Yogunluk
1193,11,Orta Yogunluk
1194,12,Orta Yogunluk
1195,12,Orta Yogunluk
1196,12,Orta Yogunluk
1197,11,Orta Yogunluk
1198,11,Orta Yogunluk
1199,11,Orta Yogunluk
1200,12,Orta Yogunluk
1201,12,Orta Yogunluk
1202,12,Orta Yogunluk
1203,12,Orta Yogunluk
1204,12,Orta Yogunluk
1205,12,Orta Yogunluk
1206,11,Orta Yogunluk
1207,11,Orta Yogunluk
1208,11,Orta Yogunluk
1209,10,Orta Yogunluk
1210,10,Orta Yogunluk
1211,10,Orta Yogunluk
1212,10,Orta Yogunluk
1213,10,Orta Yogunluk
1214,10,Orta Yogunluk
1215,12,Orta Yogunluk
1216,12,Orta Yogunluk
1217,12,Orta Yogunluk
1218,10,Orta Yogunluk
1219,10,Orta Yogunluk
1220,10,Orta Yogunluk
1221,11,Orta Yogunluk
1222,11,Orta Yogunluk
1223,11,Orta Yogunluk
1224,11,Orta Yogunluk
1225,11,Orta Yogunluk
1226,11,Orta Yogunluk
1227,13,Yuksek Yogunluk
1228,13,Yuksek Yogunluk
1229,13,Yuksek Yogunluk
1230,11,Orta Yogunluk
1231,11,Orta Yogunluk
1232,11,Orta Yogunluk
1233,11,Orta Yogunluk
1234,11,Orta Yogunluk
1235,11,Orta Yogunluk
1236,11,Orta Yogunluk
1237,11,Orta Yogunluk
1238,11,Orta Yogunluk
1239,12,Orta Yogunluk
1240,12,Orta Yogunluk
1241,12,Orta Yogunluk
1242,12,Orta Yogunluk
1243,12,Orta Yogunluk
1244,12,Orta Yogunluk
1245,12,Orta Yogunluk
1246,12,Orta Yogunluk
1247,12,Orta Yogunluk
1248,13,Yuksek Yogunluk
1249,13,Yuksek Yogunluk
1250,13,Yuksek Yogunluk
1251,11,Orta Yogunluk
1252,11,Orta Yogunluk
1253,11,Orta Yogunluk
1254,12,Orta Yogunluk
1255,12,Orta Yogunluk
1256,12,Orta Yogunluk
1257,11,Orta Yogunluk
1258,11,Orta Yogunluk
1259,11,Orta Yogunluk
1260,12,Orta Yogunluk
1261,12,Orta Yogunluk
1262,12,Orta Yogunluk
1263,11,Orta Yogunluk
1264,11,Orta Yogunluk
1265,11,Orta Yogunluk
1266,11,Orta Yogunluk
1267,11,Orta Yogunluk
1268,11,Orta Yogunluk
1269,10,Orta Yogunluk
1270,10,Orta Yogunluk
1271,10,Orta Yogunluk
1272,9,Orta Yogunluk
1273,9,Orta Yogunluk
1274,9,Orta Yogunluk
1275,9,Orta Yogunluk
1276,9,Orta Yogunluk
1277,9,Orta Yogunluk
1278,9,Orta Yogunluk
1279,9,Orta Yogunluk
1280,9,Orta Yogunluk
1281,10,Orta Yogunluk
1282,10,Orta Yogunluk
1283,10,Orta Yogunluk
1284,12,Orta Yogunluk
1285,12,Orta Yogunluk
1286,12,Orta Yogunluk
1287,10,Orta Yogunluk
1288,10,Orta Yogunluk
1289,10,Orta Yogunluk
1290,12,Orta Yogunluk
1291,12,Orta Yogunluk
1292,12,Orta Yogunluk
1293,12,Orta Yogunluk
1294,12,Orta Yogunluk
1295,12,Orta Yogunluk
1296,12,Orta Yogunluk
1297,12,Orta Yogunluk
1298,12,Orta Yogunluk
1299,12,Orta Yogunluk
1300,12,Orta Yogunluk
1301,12,Orta Yogunluk
1302,12,Orta Yogunluk
1303,12,Orta Yogunluk
1304,12,Orta Yogunluk
1305,12,Orta Yogunluk
1306,12,Orta Yogunluk
1307,12,Orta Yogunluk
1308,12,Orta Yogunluk
1309,12,Orta Yogunluk
1310,12,Orta Yogunluk
1311,11,Orta Yogunluk
1312,11,Orta Yogunluk
1313,11,Orta Yogunluk
1314,12,Orta Yogunluk
1315,12,Orta Yogunluk
1316,12,Orta Yogunluk
1317,12,Orta Yogunluk
1318,12,Orta Yogunluk
1319,12,Orta Yogunluk
1320,11,Orta Yogunluk
1321,11,Orta Yogunluk
1322,11,Orta Yogunluk
1323,11,Orta Yogunluk
1324,11,Orta Yogunluk
1325,11,Orta Yogunluk
1326,11,Orta Yogunluk
1327,11,Orta Yogunluk
1328,11,Orta Yogunluk
1329,11,Orta Yogunluk
1330,11,Orta Yogunluk
1331,11,Orta Yogunluk
1332,10,Orta Yogunluk
1333,10,Orta Yogunluk
1334,10,Orta Yogunluk
1335,10,Orta Yogunluk
1336,10,Orta Yogunluk
1337,10,Orta Yogunluk
1338,10,Orta Yogunluk
1339,10,Orta Yogunluk
1340,10,Orta Yogunluk
1341,12,Orta Yogunluk
1342,12,Orta Yogunluk
1343,12,Orta Yogunluk
1344,13,Yuksek Yogunluk
1345,13,Yuksek Yogunluk
1346,13,Yuksek Yogunluk
1347,13,Yuksek Yogunluk
1348,13,Yuksek Yogunluk
1349,13,Yuksek Yogunluk
1350,13,Yuksek Yogunluk
1351,13,Yuksek Yogunluk
1352,13,Yuksek Yogunluk
1353,12,Orta Yogunluk
1354,12,Orta Yogunluk
1355,12,Orta Yogunluk
1356,12,Orta Yogunluk
1357,12,Orta Yogunluk
1358,12,Orta Yogunluk
1359,12,Orta Yogunluk
1360,12,Orta Yogunluk
1361,12,Orta Yogunluk
1362,12,Orta Yogunluk
1363,12,Orta Yogunluk
1364,12,Orta Yogunluk
1365,12,Orta Yogunluk
1366,12,Orta Yogunluk
1367,12,Orta Yogunluk
1368,12,Orta Yogunluk
1369,12,Orta Yogunluk
1370,12,Orta Yogunluk
1371,12,Orta Yogunluk
1372,12,Orta Yogunluk
1373,12,Orta Yogunluk
1374,15,Yuksek Yogunluk
1375,15,Yuksek Yogunluk
1376,15,Yuksek Yogunluk
1377,13,Yuksek Yogunluk
1378,13,Yuksek Yogunluk
1379,13,Yuksek Yogunluk
1380,12,Orta Yogunluk
1381,12,Orta Yogunluk
1382,12,Orta Yogunluk
1383,13,Yuksek Yogunluk
1384,13,Yuksek Yogunluk
1385,13,Yuksek Yogunluk
1386,13,Yuksek Yogunluk
1387,13,Yuksek Yogunluk
1388,13,Yuksek Yogunluk
1389,12,Orta Yogunluk
1390,12,Orta Yogunluk
1391,12,Orta Yogunluk
1392,13,Yuksek Yogunluk
1393,13,Yuksek Yogunluk
1394,13,Yuksek Yogunluk
1395,12,Orta Yogunluk
1396,12,Orta Yogunluk
1397,12,Orta Yogunluk
1398,14,Yuksek Yogunluk
1399,14,Yuksek Yogunluk
1400,14,Yuksek Yogunluk
1401,13,Yuksek Yogunluk
1402,13,Yuksek Yogunluk
1403,13,Yuksek Yogunluk
1404,15,Yuksek Yogunluk
1405,15,Yuksek Yogunluk
1406,15,Yuksek Yogunluk
1407,14,Yuksek Yogunluk
1408,14,Yuksek Yogunluk
1409,14,Yuksek Yogunluk
1410,17,Yuksek Yogunluk
1411,17,Yuksek Yogunluk
1412,17,Yuksek Yogunluk
1413,14,Yuksek Yogunluk
1414,14,Yuksek Yogunluk
1415,14,Yuksek Yogunluk
1416,14,Yuksek Yogunluk
1417,14,Yuksek Yogunluk
1418,14,Yuksek Yogunluk
1419,13,Yuksek Yogunluk
1420,13,Yuksek Yogunluk
1421,13,Yuksek Yogunluk
1422,14,Yuksek Yogunluk
1423,14,Yuksek Yogunluk
1424,14,Yuksek Yogunluk
1425,13,Yuksek Yogunluk
1426,13,Yuksek Yogunluk
1427,13,Yuksek Yogunluk
1428,13,Yuksek Yogunluk
1429,13,Yuksek Yogunluk
1430,13,Yuksek Yogunluk
1431,13,Yuksek Yogunluk
1432,13,Yuksek Yogunluk
1433,13,Yuksek Yogunluk
1434,13,Yuksek Yogunluk
1435,13,Yuksek Yogunluk
1436,13,Yuksek Yogunluk
1437,13,Yuksek Yogunluk
1438,13,Yuksek Yogunluk
1439,13,Yuksek Yogunluk
1440,14,Yuksek Yogunluk
1441,14,Yuksek Yogunluk
1442,14,Yuksek Yogunluk
1443,13,Yuksek Yogunluk
1444,13,Yuksek Yogunluk
1445,13,Yuksek Yogunluk
1446,15,Yuksek Yogunluk
1447,15,Yuksek Yogunluk
1448,15,Yuksek Yogunluk
1449,14,Yuksek Yogunluk
1450,14,Yuksek Yogunluk
1451,14,Yuksek Yogunluk
1452,14,Yuksek Yogunluk
1453,14,Yuksek Yogunluk
1454,14,Yuksek Yogunluk
1455,14,Yuksek Yogunluk
1456,14,Yuksek Yogunluk
1457,14,Yuksek Yogunluk
1458,14,Yuksek Yogunluk
1459,14,Yuksek Yogunluk
1460,14,Yuksek Yogunluk
1461,15,Yuksek Yogunluk
1462,15,Yuksek Yogunluk
1463,15,Yuksek Yogunluk
1464,16,Yuksek Yogunluk
1465,16,Yuksek Yogunluk
1466,16,Yuksek Yogunluk
1467,15,Yuksek Yogunluk
1468,15,Yuksek Yogunluk
1469,15,Yuksek Yogunluk
1470,15,Yuksek Yogunluk
1471,15,Yuksek Yogunluk
1472,15,Yuksek Yogunluk
1473,16,Yuksek Yogunluk
1474,16,Yuksek Yogunluk
1475,16,Yuksek Yogunluk
1476,15,Yuksek Yogunluk
1477,15,Yuksek Yogunluk
1478,15,Yuksek Yogunluk
1479,16,Yuksek Yogunluk
1480,16,Yuksek Yogunluk
1481,16,Yuksek Yogunluk
1482,16,Yuksek Yogunluk
1483,16,Yuksek Yogunluk
1484,16,Yuksek Yogunluk
1485,16,Yuksek Yogunluk
1486,16,Yuksek Yogunluk
1487,16,Yuksek Yogunluk
1488,14,Yuksek Yogunluk
1489,14,Yuksek Yogunluk
1490,14,Yuksek Yogunluk
1491,15,Yuksek Yogunluk
1492,15,Yuksek Yogunluk
1493,15,Yuksek Yogunluk
1494,16,Yuksek Yogunluk
1495,16,Yuksek Yogunluk
1496,16,Yuksek Yogunluk
1497,15,Yuksek Yogunluk
1498,15,Yuksek Yogunluk
1499,15,Yuksek Yogunluk
1500,12,Orta Yogunluk
1501,12,Orta Yogunluk
1502,12,Orta Yogunluk
1503,13,Yuksek Yogunluk
1504,13,Yuksek Yogunluk
1505,13,Yuksek Yogunluk
1506,13,Yuksek Yogunluk
1507,13,Yuksek Yogunluk
1508,13,Yuksek Yogunluk
1509,12,Orta Yogunluk
1510,12,Orta Yogunluk
1511,12,Orta Yogunluk
1512,15,Yuksek Yogunluk
1513,15,Yuksek Yogunluk
1514,15,Yuksek Yogunluk
1515,15,Yuksek Yogunluk
1516,15,Yuksek Yogunluk
1517,15,Yuksek Yogunluk
1518,12,Orta Yogunluk
1519,12,Orta Yogunluk
1520,12,Orta Yogunluk
1521,15,Yuksek Yogunluk
1522,15,Yuksek Yogunluk
1523,15,Yuksek Yogunluk
1524,13,Yuksek Yogunluk
1525,13,Yuksek Yogunluk
1526,13,Yuksek Yogunluk
1527,13,Yuksek Yogunluk
1528,13,Yuksek Yogunluk
1529,13,Yuksek Yogunluk
1530,15,Yuksek Yogunluk
1531,15,Yuksek Yogunluk
1532,15,Yuksek Yogunluk
1533,13,Yuksek Yogunluk
1534,13,Yuksek Yogunluk
1535,13,Yuksek Yogunluk
1536,14,Yuksek Yogunluk
1537,14,Yuksek Yogunluk
1538,14,Yuksek Yogunluk
1539,14,Yuksek Yogunluk
1540,14,Yuksek Yogunluk
1541,14,Yuksek Yogunluk
1542,11,Orta Yogunluk
1543,11,Orta Yogunluk
1544,11,Orta Yogunluk
1545,10,Orta Yogunluk
1546,10,Orta Yogunluk
1547,10,Orta Yogunluk
1548,12,Orta Yogunluk
1549,12,Orta Yogunluk
1550,12,Orta Yogunluk
1551,12,Orta Yogunluk
1552,12,Orta Yogunluk
1553,12,Orta Yogunluk
1554,12,Orta Yogunluk
1555,12,Orta Yogunluk
1556,12,Orta Yogunluk
1557,13,Yuksek Yogunluk
1558,13,Yuksek Yogunluk
1559,13,Yuksek Yogunluk
1560,12,Orta Yogunluk
1561,12,Orta Yogunluk
1562,12,Orta Yogunluk
1563,15,Yuksek Yogunluk
1564,15,Yuksek Yogunluk
1565,15,Yuksek Yogunluk
1566,15,Yuksek Yogunluk
1567,15,Yuksek Yogunluk
1568,15,Yuksek Yogunluk
1569,14,Yuksek Yogunluk
1570,14,Yuksek Yogunluk
1571,14,Yuksek Yogunluk
1572,14,Yuksek Yogunluk
1573,14,Yuksek Yogunluk
1574,14,Yuksek Yogunluk
1575,15,Yuksek Yogunluk
1576,15,Yuksek Yogunluk
1577,15,Yuksek Yogunluk
1578,14,Yuksek Yogunluk
1579,14,Yuksek Yogunluk
1580,14,Yuksek Yogunluk
1581,13,Yuksek Yogunluk
1582,13,Yuksek Yogunluk
1583,13,Yuksek Yogunluk
1584,14,Yuksek Yogunluk
1585,14,Yuksek Yogunluk
1586,14,Yuksek Yogunluk
1587,13,Yuksek Yogunluk
1588,13,Yuksek Yogunluk
1589,13,Yuksek Yogunluk
1590,13,Yuksek Yogunluk
1591,13,Yuksek Yogunluk
1592,13,Yuksek Yogunluk
1593,13,Yuksek Yogunluk
1594,13,Yuksek Yogunluk
1595,13,Yuksek Yogunluk
1596,12,Orta Yogunluk
1597,12,Orta Yogunluk
1598,12,Orta Yogunluk
1599,12,Orta Yogunluk
1600,12,Orta Yogunluk
1601,12,Orta Yogunluk
1602,13,Yuksek Yogunluk
1603,13,Yuksek Yogunluk
1604,13,Yuksek Yogunluk
1605,13,Yuksek Yogunluk
1606,13,Yuksek Yogunluk
1607,13,Yuksek Yogunluk
1608,13,Yuksek Yogunluk
1609,13,Yuksek Yogunluk
1610,13,Yuksek Yogunluk
1611,12,Orta Yogunluk
1612,12,Orta Yogunluk
1613,12,Orta Yogunluk
1614,11,Orta Yogunluk
1615,11,Orta Yogunluk
1616,11,Orta Yogunluk
1617,16,Yuksek Yogunluk
1618,16,Yuksek Yogunluk
1619,16,Yuksek Yogunluk
1620,13,Yuksek Yogunluk
1621,13,Yuksek Yogunluk
1622,13,Yuksek Yogunluk
1623,14,Yuksek Yogunluk
1624,14,Yuksek Yogunluk
1625,14,Yuksek Yogunluk
1626,14,Yuksek Yogunluk
1627,14,Yuksek Yogunluk
1628,14,Yuksek Yogunluk
1629,13,Yuksek Yogunluk
1630,13,Yuksek Yogunluk
1631,13,Yuksek Yogunluk
1632,10,Orta Yogunluk
1633,10,Orta Yogunluk
1634,10,Orta Yogunluk
1635,10,Orta Yogunluk
1636,10,Orta Yogunluk
1637,10,Orta Yogunluk
1638,10,Orta Yogunluk
1639,10,Orta Yogunluk
1640,10,Orta Yogunluk
1641,13,Yuksek Yogunluk
1642,13,Yuksek Yogunluk
1643,13,Yuksek Yogunluk
1644,14,Yuksek Yogunluk
1645,14,Yuksek Yogunluk
1646,14,Yuksek Yogunluk
1647,13,Yuksek Yogunluk
1648,13,Yuksek Yogunluk
1649,13,Yuksek Yogunluk
1650,12,Orta Yogunluk
1651,12,Orta Yogunluk
1652,12,Orta Yogunluk
1653,13,Yuksek Yogunluk
1654,13,Yuksek Yogunluk
1655,13,Yuksek Yogunluk
1656,12,Orta Yogunluk
1657,12,Orta Yogunluk
1658,12,Orta Yogunluk
1659,13,Yuksek Yogunluk
1660,13,Yuksek Yogunluk
1661,13,Yuksek Yogunluk
1662,13,Yuksek Yogunluk
1663,13,Yuksek Yogunluk
1664,13,Yuksek Yogunluk
1665,12,Orta Yogunluk
1666,12,Orta Yogunluk
1667,12,Orta Yogunluk
1668,12,Orta Yogunluk
1669,12,Orta Yogunluk
1670,12,Orta Yogunluk
1671,13,Yuksek Yogunluk
1672,13,Yuksek Yogunluk
1673,13,Yuksek Yogunluk
1674,10,Orta Yogunluk
1675,10,Orta Yogunluk
1676,10,Orta Yogunluk
1677,12,Orta Yogunluk
1678,12,Orta Yogunluk
1679,12,Orta Yogunluk
1680,13,Yuksek Yogunluk
1681,13,Yuksek Yogunluk
1682,13,Yuksek Yogunluk
1683,11,Orta Yogunluk
1684,11,Orta Yogunluk
1685,11,Orta Yogunluk
1686,13,Yuksek Yogunluk
1687,13,Yuksek Yogunluk
1688,13,Yuksek Yogunluk
1689,14,Yuksek Yogunluk
1690,14,Yuksek Yogunluk
1691,14,Yuksek Yogunluk
1692,11,Orta Yogunluk
1693,11,Orta Yogunluk
1694,11,Orta Yogunluk
1695,12,Orta Yogunluk
1696,12,Orta Yogunluk
1697,12,Orta Yogunluk
1698,11,Orta Yogunluk
1699,11,Orta Yogunluk
1700,11,Orta Yogunluk
1701,11,Orta Yogunluk
1702,11,Orta Yogunluk
1703,11,Orta Yogunluk
1704,10,Orta Yogunluk
1705,10,Orta Yogunluk
1706,10,Orta Yogunluk
1707,10,Orta Yogunluk
1708,10,Orta Yogunluk
1709,10,Orta Yogunluk
1710,11,Orta Yogunluk
1711,11,Orta Yogunluk
1712,11,Orta Yogunluk
1713,10,Orta Yogunluk
1714,10,Orta Yogunluk
1715,10,Orta Yogunluk
1716,10,Orta Yogunluk
1717,10,Orta Yogunluk
1718,10,Orta Yogunluk
1719,9,Orta Yogunluk
1720,9,Orta Yogunluk
1721,9,Orta Yogunluk
1722,9,Orta Yogunluk
1723,9,Orta Yogunluk
1724,9,Orta Yogunluk
1725,10,Orta Yogunluk
1726,10,Orta Yogunluk
1727,10,Orta Yogunluk
1728,10,Orta Yogunluk
1729,10,Orta Yogunluk
1730,10,Orta Yogunluk
1731,10,Orta Yogunluk
1732,10,Orta Yogunluk
1733,10,Orta Yogunluk
1734,11,Orta Yogunluk
1735,11,Orta Yogunluk
1736,11,Orta Yogunluk
1737,12,Orta Yogunluk
1738,12,Orta Yogunluk
1739,12,Orta Yogunluk
1740,11,Orta Yogunluk
1741,11,Orta Yogunluk
1742,11,Orta Yogunluk
1743,11,Orta Yogunluk
1744,11,Orta Yogunluk
1745,11,Orta Yogunluk
1746,10,Orta Yogunluk
1747,10,Orta Yogunluk
1748,10,Orta Yogunluk
1749,10,Orta Yogunluk
1750,10,Orta Yogunluk
1751,10,Orta Yogunluk
1752,10,Orta Yogunluk
1753,10,Orta Yogunluk
1754,10,Orta Yogunluk
1755,10,Orta Yogunluk
1756,10,Orta Yogunluk
1757,10,Orta Yogunluk
1758,11,Orta Yogunluk
1759,11,Orta Yogunluk
1760,11,Orta Yogunluk
1761,10,Orta Yogunluk
1762,10,Orta Yogunluk
1763,10,Orta Yogunluk
1764,9,Orta Yogunluk
1765,9,Orta Yogunluk
1766,9,Orta Yogunluk
1767,9,Orta Yogunluk
1768,9,Orta Yogunluk
1769,9,Orta Yogunluk
1770,10,Orta Yogunluk
1771,10,Orta Yogunluk
1772,10,Orta Yogunluk
1773,9,Orta Yogunluk
1774,9,Orta Yogunluk
1775,9,Orta Yogunluk
1776,9,Orta Yogunluk
1777,9,Orta Yogunluk
1778,9,Orta Yogunluk
1779,8,Orta Yogunluk
1780,8,Orta Yogunluk
1781,8,Orta Yogunluk
1782,7,Orta Yogunluk
1783,7,Orta Yogunluk
1784,7,Orta Yogunluk
1785,8,Orta Yogunluk
1786,8,Orta Yogunluk
1787,8,Orta Yogunluk
1788,7,Orta Yogunluk
1789,7,Orta Yogunluk
1790,7,Orta Yogunluk
1791,9,Orta Yogunluk
1792,9,Orta Yogunluk
1793,9,Orta Yogunluk
1794,10,Orta Yogunluk
1795,10,Orta Yogunluk
1796,10,Orta Yogunluk
1797,10,Orta Yogunluk
1798,10,Orta Yogunluk
1799,10,Orta Yogunluk
1800,9,Orta Yogunluk
1801,9,Orta Yogunluk
